Chi, Rho, delta_a, N
2.383623, 3.000000, 12.000000, 1
