Chi, Rho, delta_a, N
0.001241, 3.000000, 12.000000, 1
