time,kinetic_energy,potential_energy,total_energy
0.010000,834.106651,0.000000,834.106651,0.000000
0.020000,833.796286,0.000000,833.796286,0.000000
0.030000,833.708257,0.000000,833.708257,0.000000
0.040000,833.842615,0.000000,833.842615,0.000000
0.050000,834.199392,0.000000,834.199392,0.000000
0.060000,834.778606,0.000000,834.778606,0.000000
0.070000,835.580259,0.000000,835.580259,0.000000
0.080000,836.604338,0.000000,836.604338,0.000000
0.090000,837.850813,0.000000,837.850813,0.000000
